{
  "resourceType" : "Patient",
  "id" : "PTPatient",
  "meta" : {
    "profile" : ["http://example.org/content/StructureDefinition/EUPatient"]
  },
  "language" : "pt",
  "text" : {
    "status" : "generated",
    "div" : "<div xml:lang=\"pt\" lang=\"pt\"><hr/><p><b>Portuguese</b></p><hr/><p class=\"res-header-id\"><b>Narrativa gerada: Patient PTPatient</b></p><a name=\"pt-PTPatient\"> </a><a name=\"pt-hcPTPatient\"> </a><div style=\"display: inline-block; background-color: #d9e0e7; padding: 6px; margin: 4px; border: 1px solid #8da1b4; border-radius: 5px; line-height: 60%\"><p style=\"margin-bottom: 0px\">Língua: pt</p><p style=\"margin-bottom: 0px\">Perfil: <a href=\"StructureDefinition-EUPatient.html\">EU Patient</a></p></div><p style=\"border: 1px #661aff solid; background-color: #e6e6ff; padding: 10px;\">Doente anónimo Male, DN Desconhecida</p><hr/></div>"
  },
  "gender" : "male"
}