{
  "resourceType" : "ValueSet",
  "id" : "ml-administrativegendervs",
  "text" : {
    "status" : "generated",
    "div" : "<div xmlns=\"http://www.w3.org/1999/xhtml\"><div xml:lang=\"en\" lang=\"en\"><hr/><p><b>English</b></p><hr/><ul><li>Include all codes defined in <a href=\"http://hl7.org/fhir/R4/codesystem-administrative-gender.html\"><code>http://hl7.org/fhir/administrative-gender</code></a></li></ul></div><div xml:lang=\"pt\" lang=\"pt\"><hr/><p><b>Portuguese</b></p><hr/><ul><li>Include all codes defined in <a href=\"http://hl7.org/fhir/R4/codesystem-administrative-gender.html\"><code>http://hl7.org/fhir/administrative-gender</code></a></li></ul></div><div xml:lang=\"es\" lang=\"es\"><hr/><p><b>Spanish</b></p><hr/><ul><li>Include all codes defined in <a href=\"http://hl7.org/fhir/R4/codesystem-administrative-gender.html\"><code>http://hl7.org/fhir/administrative-gender</code></a></li></ul></div><div xml:lang=\"fr\" lang=\"fr\"><hr/><p><b>French</b></p><hr/><ul><li>Include all codes defined in <a href=\"http://hl7.org/fhir/R4/codesystem-administrative-gender.html\"><code>http://hl7.org/fhir/administrative-gender</code></a></li></ul></div><div xml:lang=\"nl\" lang=\"nl\"><hr/><p><b>Dutch</b></p><hr/><ul><li>Include all codes defined in <a href=\"http://hl7.org/fhir/R4/codesystem-administrative-gender.html\"><code>http://hl7.org/fhir/administrative-gender</code></a></li></ul></div></div>"
  },
  "extension" : [{
    "url" : "http://hl7.org/fhir/StructureDefinition/valueset-supplement",
    "valueCanonical" : "http://example.org/langpack/CodeSystem/cs-en-administrative-gender"
  }],
  "url" : "http://example.org/content/ValueSet/ml-administrativegendervs",
  "version" : "0.1.0",
  "name" : "MLAdministrativeGenderVS",
  "title" : "Multilingual Administrative Gender",
  "status" : "draft",
  "experimental" : false,
  "date" : "2024-05-22T16:15:56+00:00",
  "publisher" : "Example Publisher",
  "_publisher" : {
    "extension" : [{
      "extension" : [{
        "url" : "lang",
        "valueCode" : "pt"
      },
      {
        "url" : "content",
        "valueString" : "Editor Exemplo"
      }],
      "url" : "http://hl7.org/fhir/StructureDefinition/translation"
    }]
  },
  "description" : "Multilingual Administrative Gender includes all codes from CS (with supplement)",
  "compose" : {
    "include" : [{
      "system" : "http://hl7.org/fhir/administrative-gender"
    }]
  }
}