{
  "resourceType" : "Patient",
  "id" : "PTPatient",
  "meta" : {
    "profile" : ["http://example.org/content/StructureDefinition/EUPatient"]
  },
  "language" : "pt",
  "text" : {
    "status" : "generated",
    "div" : "<div xmlns=\"http://www.w3.org/1999/xhtml\"><div xml:lang=\"en\" lang=\"en\"><hr/><p><b>English</b></p><hr/><p style=\"border: 1px #661aff solid; background-color: #e6e6ff; padding: 10px;\"><b>Anonymous Patient</b> Male, DoB Unknown</p><hr/></div><div xml:lang=\"pt\" lang=\"pt\"><hr/><p><b>Portuguese</b></p><hr/><p style=\"border: 1px #661aff solid; background-color: #e6e6ff; padding: 10px;\"><b>Anonymous Patient</b> Male, DoB Unknown</p><hr/></div><div xml:lang=\"es\" lang=\"es\"><hr/><p><b>Spanish</b></p><hr/><p style=\"border: 1px #661aff solid; background-color: #e6e6ff; padding: 10px;\"><b>Anonymous Patient</b> Male, DoB Unknown</p><hr/></div><div xml:lang=\"fr\" lang=\"fr\"><hr/><p><b>French</b></p><hr/><p style=\"border: 1px #661aff solid; background-color: #e6e6ff; padding: 10px;\"><b>Anonymous Patient</b> Male, DoB Unknown</p><hr/></div><div xml:lang=\"nl\" lang=\"nl\"><hr/><p><b>Dutch</b></p><hr/><p style=\"border: 1px #661aff solid; background-color: #e6e6ff; padding: 10px;\"><b>Anonymous Patient</b> Male, DoB Unknown</p><hr/></div></div>"
  },
  "gender" : "male"
}