<?xml version="1.0" encoding="UTF-8"?>

<Patient xmlns="http://hl7.org/fhir">
  <id value="PTPatient"/>
  <meta>
    <profile value="http://example.org/content/StructureDefinition/EUPatient"/>
  </meta>
  <language value="fr"/>
  <text>
    <status value="generated"/><div xml:lang="fr" lang="fr"><hr/><p><b>French</b></p><hr/><p class="res-header-id"><b>Narratif généré : Patient PTPatient</b></p><a name="fr-PTPatient"> </a><a name="fr-hcPTPatient"> </a><div style="display: inline-block; background-color: #d9e0e7; padding: 6px; margin: 4px; border: 1px solid #8da1b4; border-radius: 5px; line-height: 60%"><p style="margin-bottom: 0px">Langue : pt</p><p style="margin-bottom: 0px">Profil: <a href="StructureDefinition-EUPatient.html">EU Patient</a></p></div><p style="border: 1px #661aff solid; background-color: #e6e6ff; padding: 10px;">Patient Anonyme Male, Date de Naissance inconnue</p><hr/></div>
  </text>
  <gender value="male"/>
</Patient>