{
  "resourceType" : "ValueSet",
  "id" : "ml-administrativegendervs",
  "language" : "fr",
  "text" : {
    "status" : "generated",
    "div" : "<div xml:lang=\"fr\" lang=\"fr\"><hr/><p><b>French</b></p><hr/><p class=\"res-header-id\"><b>Narratif généré : EnsembleValeurs ml-administrativegendervs</b></p><a name=\"fr-ml-administrativegendervs\"> </a><a name=\"fr-hcml-administrativegendervs\"> </a><p>This ValueSet requires the Code system Supplement <a href=\"https://build.fhir.org/ig/FHIR/hl7.fhir.r4.pt/CodeSystem-cs-pt-administrative-gender.html\">AdministrativeGender</a>.</p><ul><li>Include tous les codes définis dans <a href=\"http://hl7.org/fhir/R4/codesystem-administrative-gender.html\"><code>http://hl7.org/fhir/administrative-gender</code></a></li></ul></div>"
  },
  "extension" : [{
    "url" : "http://hl7.org/fhir/StructureDefinition/valueset-supplement",
    "valueCanonical" : "http://hl7.org/fhir/langs/CodeSystem/cs-pt-administrative-gender"
  }],
  "url" : "http://example.org/content/ValueSet/ml-administrativegendervs",
  "version" : "0.1.0",
  "name" : "MLAdministrativeGenderVS",
  "title" : "Multilingual Administrative Gender",
  "status" : "draft",
  "experimental" : false,
  "date" : "2025-09-06T09:19:57+00:00",
  "publisher" : "Example Publisher",
  "description" : "Multilingual Administrative Gender includes all codes from CS (with supplement)",
  "compose" : {
    "include" : [{
      "system" : "http://hl7.org/fhir/administrative-gender"
    }]
  }
}