{
  "codeSystems" : [
    {
      "url" : "http://hl7.org/fhir/administrative-gender",
      "version" : "4.0.1",
      "status" : "active",
      "name" : "AdministrativeGender",
      "title" : "AdministrativeGender",
      "description" : "The gender of a person used for administrative purposes.",
      "oids" : ["2.16.840.1.113883.4.642.4.2"],
      "uses" : {
      },
      "ValueSet-PatientRegistration_ml-administrativegendervs.html" : "Multilingual Administrative Gender",
      "http://hl7.org/fhir/R4/valueset-administrative-gender.html" : "AdministrativeGender",
      "ValueSet-ml-administrativegendervs.html" : "Multilingual Administrative Gender"
    }
  ]
}
