{
  "resourceType" : "Patient",
  "id" : "PTPatient",
  "meta" : {
    "profile" : ["http://example.org/content/StructureDefinition/EUPatient"]
  },
  "language" : "pt",
  "text" : {
    "status" : "generated",
    "div" : "<div xmlns=\"http://www.w3.org/1999/xhtml\"><div xml:lang=\"en\" lang=\"en\"><hr/><p><b>English</b></p><hr/><p class=\"res-header-id\"><b>Generated Narrative: Patient PTPatient</b></p><a name=\"PTPatient\"> </a><a name=\"hcPTPatient\"> </a><div style=\"display: inline-block; background-color: #d9e0e7; padding: 6px; margin: 4px; border: 1px solid #8da1b4; border-radius: 5px; line-height: 60%\"><p style=\"margin-bottom: 0px\">Language: pt</p><p style=\"margin-bottom: 0px\">Profile: <a href=\"StructureDefinition-EUPatient.html\">EU Patient</a></p></div><p style=\"border: 1px #661aff solid; background-color: #e6e6ff; padding: 10px;\">Anonymous Patient Male, DoB Unknown</p><hr/></div><div xml:lang=\"pt\" lang=\"pt\"><hr/><p><b>Portuguese</b></p><hr/><p class=\"res-header-id\"><b>Narrativa gerada: Patient PTPatient</b></p><a name=\"pt-PTPatient\"> </a><a name=\"pt-hcPTPatient\"> </a><div style=\"display: inline-block; background-color: #d9e0e7; padding: 6px; margin: 4px; border: 1px solid #8da1b4; border-radius: 5px; line-height: 60%\"><p style=\"margin-bottom: 0px\">Língua: pt</p><p style=\"margin-bottom: 0px\">Perfil: <a href=\"StructureDefinition-EUPatient.html\">EU Patient</a></p></div><p style=\"border: 1px #661aff solid; background-color: #e6e6ff; padding: 10px;\">Doente anónimo Male, DN Desconhecida</p><hr/></div><div xml:lang=\"nl\" lang=\"nl\"><hr/><p><b>Dutch</b></p><hr/><p class=\"res-header-id\"><b>Gegenereerde narrative: Patient PTPatient</b></p><a name=\"nl-PTPatient\"> </a><a name=\"nl-hcPTPatient\"> </a><div style=\"display: inline-block; background-color: #d9e0e7; padding: 6px; margin: 4px; border: 1px solid #8da1b4; border-radius: 5px; line-height: 60%\"><p style=\"margin-bottom: 0px\">Taal: pt</p><p style=\"margin-bottom: 0px\">Profiel: <a href=\"StructureDefinition-EUPatient.html\">EU Patient</a></p></div><p style=\"border: 1px #661aff solid; background-color: #e6e6ff; padding: 10px;\">Anonieme Patient Male, Geb.datum onbekend</p><hr/></div><div xml:lang=\"fr\" lang=\"fr\"><hr/><p><b>French</b></p><hr/><p class=\"res-header-id\"><b>Narratif généré : Patient PTPatient</b></p><a name=\"fr-PTPatient\"> </a><a name=\"fr-hcPTPatient\"> </a><div style=\"display: inline-block; background-color: #d9e0e7; padding: 6px; margin: 4px; border: 1px solid #8da1b4; border-radius: 5px; line-height: 60%\"><p style=\"margin-bottom: 0px\">Langue : pt</p><p style=\"margin-bottom: 0px\">Profil: <a href=\"StructureDefinition-EUPatient.html\">EU Patient</a></p></div><p style=\"border: 1px #661aff solid; background-color: #e6e6ff; padding: 10px;\">Patient Anonyme Male, Date de Naissance inconnue</p><hr/></div><div xml:lang=\"es\" lang=\"es\"><hr/><p><b>Spanish</b></p><hr/><p class=\"res-header-id\"><b>Generated Narrative: Paciente PTPatient</b></p><a name=\"es-PTPatient\"> </a><a name=\"es-hcPTPatient\"> </a><div style=\"display: inline-block; background-color: #d9e0e7; padding: 6px; margin: 4px; border: 1px solid #8da1b4; border-radius: 5px; line-height: 60%\"><p style=\"margin-bottom: 0px\">Language: pt</p><p style=\"margin-bottom: 0px\">Profile: <a href=\"StructureDefinition-EUPatient.html\">EU Patient</a></p></div><p style=\"border: 1px #661aff solid; background-color: #e6e6ff; padding: 10px;\">Anonymous Patient Male, DoB Unknown</p><hr/></div></div>"
  },
  "gender" : "male"
}